rank,wallet_address,chain,score,total_trades,win_rate,avg_profit,last_seen
1,0x72e4f9f808c49a2a61de9c5896298920dc4eeea9,ethereum,1217947404.32,9,0,0,2026-08-07T21:20:30.176573
2,0x2cc846fff0b08fb3bffad71f53a60b4b6e6d6482,ethereum,1217946713.46,9,0,0,2026-08-07T21:20:30.251826
3,0x6313beee7d0e32c6442078288fbdb74d0a8fc1a5,ethereum,1217945717.34,9,0,0,2026-08-07T21:20:30.322042
4,0x41bc04c8639aa3b39dc036900b7d7575301afa88,ethereum,1217944212.2,9,0,0,2026-08-07T21:20:30.111251
5,0x0000000000000000000000000000000000000000,ethereum,374750306.15,39,0,0,2026-08-07T21:20:31.045657
6,0x8bb56568cf417ab345c00eb68895e5f70b4a613a,ethereum,838.16,6,0,0,2026-08-07T21:20:31.179498
7,0xa4e36c0cf96e9fb95834c1982e001686260604db,ethereum,838.16,6,0,0,2026-08-07T21:20:31.253388
8,0xe0a08fd1366b5b4cf256db1a85b6eb0e01aacbce,ethereum,838.16,6,0,0,2026-08-07T21:20:31.312733
9,0x1a83564b06cdde3d13e7ed02593263339c11c283,ethereum,838.15,6,0,0,2026-08-07T21:20:31.115203
